{"cameraMode":{"drawMode":0,"name":"Shaded","section":"Shading Mode"},"sceneLighting":true,"audioPlay":false,"sceneViewState":{"m_AlwaysRefresh":false,"showFog":true,"showSkybox":true,"showFlares":true,"showImageEffects":true,"showParticleSystems":true,"showVisualEffectGraphs":true,"m_FxEnabled":true},"in2DMode":false,"pivot":{"x":-9.742149353027344,"y":-9.792168617248536,"z":-27.170175552368165},"rotation":{"x":0.00594321871176362,"y":-0.9808919429779053,"z":0.19220620393753053,"w":0.030317505821585656},"size":20.344236373901368,"orthographic":false}