{"cameraMode":{"drawMode":0,"name":"Shaded","section":"Shading Mode"},"sceneLighting":true,"audioPlay":false,"sceneViewState":{"m_AlwaysRefresh":false,"showFog":true,"showSkybox":true,"showFlares":true,"showImageEffects":true,"showParticleSystems":true,"showVisualEffectGraphs":true,"m_FxEnabled":true},"in2DMode":false,"pivot":{"x":-58.957645416259769,"y":-14.867005348205567,"z":-48.022342681884769},"rotation":{"x":-0.055293191224336627,"y":0.8890069723129273,"z":-0.11153391748666763,"w":-0.44067689776420596},"size":63.38533020019531,"orthographic":false}